1	Java	18.799%
2	C	9.835%
3	C++	5.797%
4	C#	4.367%
5	Python	3.775%
6	JavaScript	2.751%
7	PHP	2.741%
8	Visual Basic .NET	2.660%
9	Perl	2.495%
10	Objective-C	2.263%
11	Assembly language	2.232%
12	Swift	2.004%
13	Ruby	2.001%
14	Visual Basic	1.987%
15	Delphi/Object Pascal	1.875%
16	Go	1.809%
17	Groovy	1.769%
18	R	1.741%
19	MATLAB	1.619%
20	PL/SQL	1.531%
21	SAS	1.443%
22	ABAP	1.257%
23	Scratch	1.132%
24	COBOL	1.127%
25	Dart	1.099%
26	D	1.047%
27	Lua	0.827%
28	Fortran	0.742%
29	Lisp	0.742%
30	Transact-SQL	0.721%
31	Ada	0.652%
32	F#	0.633%
33	Scala	0.611%
34	Haskell	0.522%
35	Logo	0.500%
36	Prolog	0.495%
37	LabVIEW	0.455%
38	Scheme	0.444%
39	Apex	0.349%
40	Q	0.303%
41	Erlang	0.300%
42	Rust	0.296%
43	Bash	0.286%
44	RPG (OS/400)	0.273%
45	Ladder Logic	0.266%
46	VHDL	0.220%
47	Alice	0.205%
48	Awk	0.203%
49	CL (OS/400)	0.170%
50	Clojure	0.169%
